{"cameraMode":{"drawMode":0,"name":"Shaded","section":"Shading Mode"},"sceneLighting":true,"audioPlay":false,"sceneViewState":{"showFog":true,"showMaterialUpdate":true,"showSkybox":true,"showFlares":true,"showImageEffects":true,"showParticleSystems":true},"in2DMode":false,"pivot":{"x":-13.406015396118164,"y":-503.8653259277344,"z":256.9630432128906},"rotation":{"x":-0.523119330406189,"y":0.02707899920642376,"z":-0.01663222908973694,"w":-0.8516667485237122},"size":580.505859375,"orthographic":false}