{"cameraMode":{"drawMode":0,"name":"Shaded","section":"Shading Mode"},"sceneLighting":false,"audioPlay":false,"sceneViewState":{"showFog":true,"showMaterialUpdate":true,"showSkybox":true,"showFlares":true,"showImageEffects":true,"showParticleSystems":true},"in2DMode":false,"pivot":{"x":-2.2691333293914797,"y":0.73752760887146,"z":2.909027099609375},"rotation":{"x":-0.4646144211292267,"y":0.01884489506483078,"z":-0.00989003386348486,"w":-0.8852573037147522},"size":8.958026885986329,"orthographic":false}