{"cameraMode":{"drawMode":0,"name":"Shaded","section":"Shading Mode"},"sceneLighting":true,"audioPlay":false,"sceneViewState":{"showFog":true,"showMaterialUpdate":true,"showSkybox":true,"showFlares":true,"showImageEffects":true,"showParticleSystems":true},"in2DMode":false,"pivot":{"x":-6.864090919494629,"y":-87.50364685058594,"z":72.41129302978516},"rotation":{"x":0.5424641370773315,"y":-0.07984940707683563,"z":0.05189545825123787,"w":0.8346637487411499},"size":239.802001953125,"orthographic":false}