{"cameraMode":{"drawMode":0,"name":"Shaded","section":"Shading Mode"},"sceneLighting":true,"audioPlay":false,"sceneViewState":{"showFog":true,"showMaterialUpdate":true,"showSkybox":true,"showFlares":true,"showImageEffects":true,"showParticleSystems":true},"in2DMode":false,"pivot":{"x":-4.6561760902404789,"y":-8.893662452697754,"z":1.7359209060668946},"rotation":{"x":-0.326235830783844,"y":0.22171297669410706,"z":-0.07900480926036835,"w":-0.9155172109603882},"size":22.0,"orthographic":false}