{"cameraMode":{"drawMode":0,"name":"Shaded","section":"Shading Mode"},"sceneLighting":false,"audioPlay":false,"sceneViewState":{"showFog":true,"showMaterialUpdate":true,"showSkybox":true,"showFlares":true,"showImageEffects":true,"showParticleSystems":true},"in2DMode":false,"pivot":{"x":-2.9802322387695315e-8,"y":1.0499999523162842,"z":0.0},"rotation":{"x":-0.658484935760498,"y":-0.002937013516202569,"z":0.0025698235258460047,"w":-0.7525838017463684},"size":3.656156063079834,"orthographic":true}