{"cameraMode":{"drawMode":0,"name":"Shaded","section":"Shading Mode"},"sceneLighting":false,"audioPlay":false,"sceneViewState":{"showFog":true,"showMaterialUpdate":true,"showSkybox":true,"showFlares":true,"showImageEffects":true,"showParticleSystems":true},"in2DMode":false,"pivot":{"x":509.89801025390627,"y":384.1703186035156,"z":3.0788843631744386},"rotation":{"x":-0.523119330406189,"y":0.02707899920642376,"z":-0.01663222908973694,"w":-0.8516667485237122},"size":10.65375804901123,"orthographic":false}