{"cameraMode":{"drawMode":0,"name":"Shaded","section":"Shading Mode"},"sceneLighting":true,"audioPlay":false,"sceneViewState":{"showFog":true,"showMaterialUpdate":true,"showSkybox":true,"showFlares":true,"showImageEffects":true,"showParticleSystems":true},"in2DMode":false,"pivot":{"x":-15.16082763671875,"y":-503.8654479980469,"z":256.8514709472656},"rotation":{"x":-0.523119330406189,"y":0.02707899920642376,"z":-0.01663222908973694,"w":-0.8516667485237122},"size":577.0139770507813,"orthographic":false}