{"cameraMode":{"drawMode":0,"name":"Shaded","section":"Shading Mode"},"sceneLighting":false,"audioPlay":false,"sceneViewState":{"showFog":true,"showMaterialUpdate":true,"showSkybox":true,"showFlares":true,"showImageEffects":true,"showParticleSystems":true},"in2DMode":false,"pivot":{"x":511.3958740234375,"y":61.816650390625,"z":157.63677978515626},"rotation":{"x":-0.523119330406189,"y":0.02707899920642376,"z":-0.01663222908973694,"w":-0.8516667485237122},"size":939.0357666015625,"orthographic":false}