{"cameraMode":{"drawMode":0,"name":"Shaded","section":"Shading Mode"},"sceneLighting":false,"audioPlay":false,"sceneViewState":{"showFog":true,"showMaterialUpdate":true,"showSkybox":true,"showFlares":true,"showImageEffects":true,"showParticleSystems":true},"in2DMode":false,"pivot":{"x":-2.711730718612671,"y":1.3558340072631837,"z":2.003274917602539},"rotation":{"x":0.4209110140800476,"y":0.07145486772060394,"z":-0.033282049000263217,"w":0.9036705493927002},"size":2.0287790298461916,"orthographic":false}